Algorithm 1,Algorithm 2,statistic,p-value
logistic_regression,decision_tree,18.0,0.008607768731307903
logistic_regression,random_forest,41.0,0.26026144163788634
logistic_regression,xgboost,32.0,0.09293836618293788
logistic_regression,naive_bayes,3.0,0.00021981937631328227
logistic_regression,svm,0.0,3.193222375218491e-05
logistic_regression,ann,4.0,0.00028864501379232104
logistic_regression,lcs,0.0,9.133589555477501e-05
decision_tree,random_forest,22.0,0.018781735942949195
decision_tree,xgboost,26.0,0.0377757927648433
decision_tree,naive_bayes,18.0,0.008607768731307903
decision_tree,svm,0.0,3.1701437086470106e-05
decision_tree,ann,1.0,0.0001210868928692622
decision_tree,lcs,0.0,9.082557304573249e-05
random_forest,xgboost,36.0,0.15374472830934066
random_forest,naive_bayes,4.0,0.00029141997158963715
random_forest,svm,0.0,3.193222375218491e-05
random_forest,ann,3.0,0.0002176393852588628
random_forest,lcs,0.0,9.133589555477501e-05
xgboost,naive_bayes,7.0,0.0006574723348566069
xgboost,svm,0.0,3.193222375218491e-05
xgboost,ann,1.0,0.00012174335714866438
xgboost,lcs,0.0,9.133589555477501e-05
naive_bayes,svm,0.0,3.193222375218491e-05
naive_bayes,ann,0.0,9.031736040376755e-05
naive_bayes,lcs,2.0,0.00016491926038899677
svm,ann,30.0,0.04800036248142131
svm,lcs,0.0,3.193222375218491e-05
ann,lcs,0.0,9.031736040376755e-05
