Algorithm 1,Algorithm 2,statistic,p-value
logistic_regression,decision_tree,8.0,0.0008531246844597982
logistic_regression,random_forest,26.0,0.03783078607194352
logistic_regression,xgboost,11.0,0.0018052571561648014
logistic_regression,naive_bayes,2.0,0.00016491926038899677
logistic_regression,svm,5.0,0.00036693611077166983
logistic_regression,ann,20.0,0.011349172658687946
logistic_regression,lcs,0.0,9.133589555477501e-05
decision_tree,random_forest,21.0,0.015604506385870109
decision_tree,xgboost,34.0,0.12066079650859002
decision_tree,naive_bayes,28.5,0.05613775299027845
decision_tree,svm,1.0,0.00011656370347000333
decision_tree,ann,18.0,0.007488247878897449
decision_tree,lcs,2.0,0.00016491926038899677
random_forest,xgboost,30.5,0.07538666892672001
random_forest,naive_bayes,9.0,0.0011011099712485391
random_forest,svm,1.0,0.00011656370347000333
random_forest,ann,20.0,0.011349172658687946
random_forest,lcs,0.0,9.133589555477501e-05
xgboost,naive_bayes,15.0,0.004554248199015482
xgboost,svm,0.0,8.632699844113366e-05
xgboost,ann,20.0,0.011349172658687946
xgboost,lcs,0.0,9.133589555477501e-05
naive_bayes,svm,0.0,8.632699844113366e-05
naive_bayes,ann,12.0,0.0018875627844461226
naive_bayes,lcs,8.0,0.0008531246844597982
svm,ann,50.0,0.48349933325334177
svm,lcs,0.0,8.632699844113366e-05
ann,lcs,2.0,0.00012187941007626433
