Algorithm 1,Algorithm 2,statistic,p-value
logistic_regression,decision_tree,45.0,0.3668649978481236
logistic_regression,random_forest,43.0,0.3115881119410587
logistic_regression,xgboost,47.0,0.42505336956926293
logistic_regression,naive_bayes,22.0,0.01881765689365712
logistic_regression,svm,10.0,0.0007104559900512436
logistic_regression,ann,46.0,0.3956300532015894
logistic_regression,lcs,34.0,0.12066079650859002
decision_tree,random_forest,45.5,0.3811410627931685
decision_tree,xgboost,48.0,0.45486094457277765
decision_tree,naive_bayes,24.0,0.026951278584693587
decision_tree,svm,20.0,0.008593546960647971
decision_tree,ann,46.0,0.3956300532015894
decision_tree,lcs,36.0,0.15374472830934066
random_forest,xgboost,41.0,0.26026144163788634
random_forest,naive_bayes,27.0,0.04448650585090664
random_forest,svm,20.0,0.008593546960647971
random_forest,ann,43.0,0.3115227654189539
random_forest,lcs,42.0,0.28537519402908695
xgboost,naive_bayes,27.0,0.04448650585090664
xgboost,svm,30.0,0.057629106798727014
xgboost,ann,49.0,0.4849193207024165
xgboost,lcs,36.0,0.15374472830934066
naive_bayes,svm,0.0,3.193222375218491e-05
naive_bayes,ann,24.0,0.026906183006072715
naive_bayes,lcs,38.0,0.19233653136775436
svm,ann,20.0,0.0059183943997769585
svm,lcs,10.0,0.0007104559900512436
ann,lcs,34.0,0.12057231310804212
